GameID,GameType,HomeTeamID,AwayTeamID,HomeTeamName,AwayTeamName,Winner,Date,HomeScore,AwayScore,HomeShots,AwayShots,HomeGiveaways,AwayGiveaways,HomeTakeaways,AwayTakeaways,HomeFO,AwayFO,HomePIM,AwayPIM,HomePPG,AwayPPG,HomePPA,AwayPPA,HomeHits,AwayHits,HomeFaceoff,AwayFaceoff,P1HomeScore,P1AwayScore,P1HomeShots,P1AwayShots,P2HomeScore,P2AwayScore,P2HomeShots,P2AwayShots,P3HomeScore,P3AwayScore,P3HomeShots,P3AwayShots,GoalieWin,GoalieLoss,FirstStar,SecondStar,ThirdStar
2018010001,PR,20,6,Calgary Flames,Boston Bruins,6,2018-09-15,3,3,46,20,0,0,0,0,6,12,2.0,0.0,8.0,3.0,0,0,0.0,0.0,1,3,44,20,0,0,0,0,2,0,2,0,0,0,NA,NA,NA,NA,NA,NA,NA,0,
2018010013,PR,7,5,Buffalo Sabres,Pittsburgh Penguins,7,2018-09-18,3,2,29,26,9,7,1,5,4,8,1.0,0.0,4.0,2.0,32,16,52.8,47.2,1,0,14,7,2,0,9,7,0,2,6,12,NA,NA,NA,NA,NA,NA,NA,NA,NA,
2018010014,PR,29,16,Columbus Blue Jackets,Chicago Blackhawks,29,2018-09-18,4,1,31,22,1,3,3,1,4,6,1.0,0.0,3.0,2.0,20,14,64.9,35.1,2,1,11,9,0,0,9,6,2,0,11,7,NA,NA,NA,NA,NA,NA,NA,NA,NA,
2018010015,PR,2,4,New York Islanders,Philadelphia Flyers,4,2018-09-18,1,5,32,30,14,11,5,3,6,2,0.0,0.0,1.0,3.0,37,25,54.3,45.7,0,1,12,11,1,3,12,11,0,1,8,8,NA,NA,NA,NA,NA,NA,NA,NA,NA,
2018010016,PR,15,6,Washington Capitals,Boston Bruins,6,2018-09-18,2,5,33,20,7,5,9,3,14,24,1.0,0.0,7.0,2.0,16,6,52.2,47.8,1,2,8,8,0,2,9,6,1,1,16,6,NA,NA,NA,NA,NA,NA,NA,NA,NA,
2018010017,PR,14,12,Tampa Bay Lightning,Carolina Hurricanes,12,2018-09-18,1,4,17,35,9,3,6,2,12,10,1.0,2.0,5.0,6.0,15,17,54.7,45.3,0,2,7,12,0,1,3,14,1,1,7,9,NA,NA,NA,NA,NA,NA,NA,NA,NA,
2018010018,PR,10,9,Toronto Maple Leafs,Ottawa Senators,10,2018-09-18,4,1,4,1,0,0,0,0,14,4,1.0,0.0,2.0,2.0,0,0,0.0,0.0,2,1,2,1,0,0,0,0,2,0,2,0,NA,NA,NA,NA,NA,NA,NA,NA,NA,
2018010019,PR,25,19,Dallas Stars,St. Louis Blues,25,2018-09-18,5,3,25,38,21,10,5,6,12,8,1.0,2.0,3.0,5.0,28,21,50.0,50.0,0,0,5,10,1,2,11,16,4,1,9,12,NA,NA,NA,NA,NA,NA,NA,NA,NA,
2018010020,PR,21,54,Colorado Avalanche,Vegas Golden Knights,54,2018-09-18,1,5,25,30,7,3,3,5,4,4,0.0,2.0,2.0,2.0,26,16,40.0,60.0,0,1,9,9,0,2,9,15,1,2,7,6,NA,NA,NA,NA,NA,NA,NA,NA,NA,
2018010021,PR,53,26,Arizona Coyotes,Los Angeles Kings,53,2018-09-18,4,2,31,29,6,6,2,4,20,14,3.0,1.0,6.0,10.0,17,26,49.2,50.8,3,0,10,6,1,1,15,13,0,1,6,10,NA,NA,NA,NA,NA,NA,NA,NA,NA,
2018010022,PR,26,53,Los Angeles Kings,Arizona Coyotes,53,2018-09-18,3,4,41,25,8,5,1,3,4,14,2.0,1.0,7.0,2.0,19,28,49.1,50.9,1,1,16,8,0,1,10,10,2,2,15,7,NA,NA,NA,NA,NA,NA,NA,NA,NA,
2018010023,PR,28,24,San Jose Sharks,Anaheim Ducks,28,2018-09-18,4,1,40,22,6,7,5,6,6,8,0.0,1.0,4.0,3.0,17,23,48.3,51.7,0,0,14,6,2,1,15,9,2,0,11,7,NA,NA,NA,NA,NA,NA,NA,NA,NA,
2018010024,PR,23,22,Vancouver Canucks,Edmonton Oilers,22,2018-09-18,2,4,37,28,7,4,9,4,6,14,1.0,1.0,7.0,3.0,30,21,54.8,45.2,0,1,9,8,1,1,14,13,1,2,14,7,NA,NA,NA,NA,NA,NA,NA,NA,NA,
2018010025,PR,6,20,Boston Bruins,Calgary Flames,6,2018-09-19,3,1,3,1,0,0,0,0,12,12,0.0,0.0,6.0,6.0,0,0,0.0,0.0,1,0,1,0,0,1,0,1,2,0,2,0,NA,NA,NA,NA,NA,NA,NA,NA,NA,
2018010026,PR,12,14,Carolina Hurricanes,Tampa Bay Lightning,12,2018-09-19,6,1,35,27,12,3,14,14,12,14,3.0,0.0,6.0,5.0,28,44,57.6,42.4,1,0,12,11,2,0,10,7,3,1,13,9,NA,NA,NA,NA,NA,NA,NA,NA,NA,
2018010027,PR,3,4,New York Rangers,Philadelphia Flyers,4,2018-09-19,4,6,40,33,12,7,8,14,10,20,2.0,2.0,9.0,4.0,20,34,46.3,53.7,2,3,13,15,1,2,9,15,1,1,18,3,NA,NA,NA,NA,NA,NA,NA,NA,NA,
2018010028,PR,17,5,Detroit Red Wings,Pittsburgh Penguins,17,2018-09-19,3,2,44,30,6,7,3,1,4,6,0.0,0.0,3.0,2.0,26,22,56.1,43.9,0,0,12,12,1,1,19,6,1,1,10,12,0,0,NA,NA,NA,NA,NA,NA,NA,3,
2018010029,PR,8,13,Montréal Canadiens,Florida Panthers,13,2018-09-19,2,5,33,41,17,10,7,11,29,21,1.0,1.0,6.0,6.0,32,20,44.4,55.6,1,2,5,11,0,0,16,17,1,3,12,13,NA,NA,NA,NA,NA,NA,NA,NA,NA,
2018010030,PR,9,10,Ottawa Senators,Toronto Maple Leafs,10,2018-09-19,1,4,25,28,17,15,8,9,6,8,1.0,0.0,3.0,2.0,29,21,42.3,57.7,0,0,7,6,0,1,12,14,1,3,6,8,NA,NA,NA,NA,NA,NA,NA,NA,NA,
2018010031,PR,30,19,Minnesota Wild,St. Louis Blues,19,2018-09-19,2,3,2,3,0,0,0,0,6,6,0.0,1.0,2.0,2.0,0,0,0.0,0.0,2,1,2,1,0,0,0,0,0,2,0,2,NA,NA,NA,NA,NA,NA,NA,NA,NA,
2018010032,PR,23,20,Vancouver Canucks,Calgary Flames,20,2018-09-19,1,4,39,32,2,3,3,3,6,12,0.0,0.0,5.0,2.0,16,20,46.4,53.6,0,2,16,11,0,1,10,10,1,1,13,11,NA,NA,NA,NA,NA,NA,NA,NA,NA,
2018010048,PR,5,29,Pittsburgh Penguins,Columbus Blue Jackets,5,2018-09-22,7,3,38,33,3,2,4,3,8,4,0.0,1.0,2.0,4.0,26,23,48.6,51.4,2,0,15,9,2,1,15,15,3,2,8,9,NA,NA,NA,NA,NA,NA,NA,NA,NA,
2018010049,PR,30,21,Minnesota Wild,Colorado Avalanche,30,2018-09-22,7,0,33,16,8,4,5,3,6,12,1.0,0.0,6.0,3.0,8,14,53.2,46.8,1,0,12,5,3,0,11,7,3,0,10,4,NA,NA,NA,NA,NA,NA,NA,NA,NA,
2018010050,PR,7,10,Buffalo Sabres,Toronto Maple Leafs,10,2018-09-22,2,3,35,31,12,5,3,2,14,18,1.0,1.0,4.0,2.0,24,9,58.2,41.8,1,0,9,12,1,2,12,12,0,1,14,7,NA,NA,NA,NA,NA,NA,NA,NA,NA,
2018010051,PR,17,6,Detroit Red Wings,Boston Bruins,17,2018-09-22,4,3,25,26,7,11,4,2,15,13,1.0,1.0,4.0,5.0,32,25,56.4,43.6,2,1,10,9,0,0,5,7,1,2,8,10,0,0,NA,NA,NA,NA,NA,NA,NA,2,
2018010052,PR,8,9,Montréal Canadiens,Ottawa Senators,8,2018-09-22,3,2,32,18,15,11,6,3,6,8,0.0,0.0,4.0,3.0,24,18,54.5,45.5,0,1,7,3,1,1,11,8,2,0,14,7,NA,NA,NA,NA,NA,NA,NA,NA,NA,
2018010053,PR,2,3,New York Islanders,New York Rangers,2,2018-09-22,5,2,32,29,0,0,0,0,17,17,2.0,1.0,4.0,4.0,0,0,0.0,0.0,1,1,14,10,3,1,12,6,1,0,6,13,NA,NA,NA,NA,NA,NA,NA,NA,NA,
2018010054,PR,14,18,Tampa Bay Lightning,Nashville Predators,14,2018-09-22,5,2,23,24,12,5,6,7,4,4,0.0,0.0,1.0,1.0,32,21,40.0,60.0,0,1,11,12,2,1,6,7,3,0,6,5,NA,NA,NA,NA,NA,NA,NA,NA,NA,
2018010055,PR,25,13,Dallas Stars,Florida Panthers,13,2018-09-22,3,4,23,29,0,0,0,0,4,8,1.0,1.0,4.0,2.0,0,0,0.0,0.0,0,0,6,6,3,2,8,8,0,1,9,14,1,1,NA,NA,NA,NA,NA,NA,NA,0,
2018010056,PR,53,24,Arizona Coyotes,Anaheim Ducks,53,2018-09-22,6,1,37,41,3,4,4,2,11,15,2.0,0.0,5.0,3.0,27,28,44.8,55.2,1,0,13,12,3,0,11,15,2,1,13,14,NA,NA,NA,NA,NA,NA,NA,NA,NA,
2018010057,PR,20,23,Calgary Flames,Vancouver Canucks,20,2018-09-22,5,2,22,29,13,8,4,6,16,6,1.0,2.0,3.0,8.0,16,13,43.1,56.9,2,1,10,9,2,0,9,7,1,1,3,13,NA,NA,NA,NA,NA,NA,NA,NA,NA,
2018010058,PR,28,54,San Jose Sharks,Vegas Golden Knights,54,2018-09-22,4,4,24,31,18,11,16,7,4,6,0.0,0.0,3.0,2.0,24,25,56.7,43.3,2,1,10,10,2,1,8,8,0,2,5,9,4,0,NA,NA,NA,NA,NA,NA,NA,1,
2018010059,PR,29,19,Columbus Blue Jackets,St. Louis Blues,19,2018-09-23,1,5,17,27,4,3,6,5,8,8,0.0,1.0,3.0,3.0,12,18,44.4,55.6,1,1,6,8,0,3,6,10,0,1,5,9,NA,NA,NA,NA,NA,NA,NA,NA,NA,
2018010060,PR,5,17,Pittsburgh Penguins,Detroit Red Wings,17,2018-09-23,2,3,31,33,4,7,3,3,12,12,0.0,0.0,5.0,5.0,21,30,50.7,49.3,1,0,11,7,1,3,8,13,0,0,12,13,NA,NA,NA,NA,NA,NA,NA,NA,NA,
2018010061,PR,52,22,Winnipeg Jets,Edmonton Oilers,52,2018-09-23,5,3,21,41,13,6,10,6,6,8,2.0,1.0,4.0,3.0,13,16,63.9,36.1,1,2,4,11,2,0,5,18,2,1,12,12,NA,NA,NA,NA,NA,NA,NA,NA,NA,
2018010062,PR,3,1,New York Rangers,New Jersey Devils,3,2018-09-24,4,3,39,26,18,21,16,7,16,14,1.0,0.0,2.0,3.0,28,30,49.1,50.9,0,0,10,7,2,1,14,8,1,2,13,10,1,0,NA,NA,NA,NA,NA,NA,NA,2,
2018010063,PR,4,6,Philadelphia Flyers,Boston Bruins,6,2018-09-24,3,4,37,28,13,5,4,4,10,8,1.0,0.0,3.0,3.0,30,31,52.4,47.6,0,2,8,13,0,1,18,9,3,1,11,6,NA,NA,NA,NA,NA,NA,NA,NA,NA,
2018010064,PR,10,8,Toronto Maple Leafs,Montréal Canadiens,8,2018-09-24,1,5,30,36,14,8,9,7,10,10,0.0,0.0,4.0,4.0,31,35,62.5,37.5,0,2,18,12,1,3,7,11,0,0,5,13,NA,NA,NA,NA,NA,NA,NA,NA,NA,
2018010065,PR,25,30,Dallas Stars,Minnesota Wild,25,2018-09-24,5,3,37,30,7,4,11,3,8,6,1.0,2.0,3.0,4.0,14,23,54.5,45.5,1,1,14,11,2,1,16,11,2,1,7,8,NA,NA,NA,NA,NA,NA,NA,NA,NA,
2018010066,PR,20,52,Calgary Flames,Winnipeg Jets,52,2018-09-24,4,5,38,26,16,9,11,11,8,8,0.0,1.0,3.0,3.0,8,28,53.4,46.6,2,1,11,6,0,2,10,9,2,1,17,10,1,1,NA,NA,NA,NA,NA,NA,NA,0,
2018010067,PR,26,23,Los Angeles Kings,Vancouver Canucks,26,2018-09-24,4,1,26,29,0,0,0,0,12,12,0.0,0.0,5.0,5.0,0,0,0.0,0.0,1,0,9,5,1,1,11,10,2,0,6,14,NA,NA,NA,NA,NA,NA,NA,NA,NA,
2018010068,PR,24,53,Anaheim Ducks,Arizona Coyotes,24,2018-09-24,4,2,28,31,5,6,1,3,6,2,0.0,2.0,1.0,3.0,19,17,48.3,51.7,1,1,10,6,2,0,16,7,1,1,2,18,NA,NA,NA,NA,NA,NA,NA,NA,NA,
2018010069,PR,54,21,Vegas Golden Knights,Colorado Avalanche,21,2018-09-24,3,5,32,28,12,4,12,12,6,6,1.0,1.0,3.0,3.0,44,34,47.0,53.0,0,2,9,7,1,1,11,12,2,2,12,9,NA,NA,NA,NA,NA,NA,NA,NA,NA,
2018010090,PR,29,5,Columbus Blue Jackets,Pittsburgh Penguins,29,2018-09-28,7,6,37,29,11,8,8,6,6,12,1.0,1.0,6.0,3.0,9,12,47.4,52.6,3,3,10,9,2,2,17,12,2,1,10,8,NA,NA,NA,NA,NA,NA,NA,NA,NA,
2018010091,PR,2,7,New York Islanders,Buffalo Sabres,7,2018-09-28,4,5,31,26,0,0,0,0,8,10,2.0,1.0,5.0,4.0,0,0,0.0,0.0,1,1,10,7,2,4,12,14,1,0,9,5,NA,NA,NA,NA,NA,NA,NA,NA,NA,
2018010092,PR,15,12,Washington Capitals,Carolina Hurricanes,12,2018-09-28,4,5,29,36,13,6,10,6,8,14,1.0,2.0,6.0,3.0,17,17,42.6,57.4,1,2,9,11,2,1,8,17,1,1,12,7,1,1,NA,NA,NA,NA,NA,NA,NA,0,
2018010093,PR,10,17,Toronto Maple Leafs,Detroit Red Wings,10,2018-09-28,6,2,29,25,14,16,12,6,30,34,3.0,1.0,6.0,4.0,22,40,48.3,51.7,1,1,9,9,4,0,15,10,1,1,5,6,NA,NA,NA,NA,NA,NA,NA,NA,NA,
2018010094,PR,19,25,St. Louis Blues,Dallas Stars,19,2018-09-28,3,1,26,22,2,1,9,6,6,10,0.0,0.0,5.0,3.0,8,9,41.5,58.5,0,0,14,4,1,0,4,11,2,1,8,7,NA,NA,NA,NA,NA,NA,NA,NA,NA,
2018010095,PR,21,30,Colorado Avalanche,Minnesota Wild,21,2018-09-28,4,3,41,24,5,0,4,5,4,10,2.0,0.0,5.0,2.0,12,15,53.1,46.9,1,0,18,5,1,1,12,11,1,2,10,8,0,0,NA,NA,NA,NA,NA,NA,NA,1,
2018010096,PR,54,26,Vegas Golden Knights,Los Angeles Kings,54,2018-09-28,2,0,30,26,15,13,12,14,10,6,0.0,0.0,2.0,5.0,36,33,58.1,41.9,0,0,10,10,1,0,11,6,1,0,9,10,NA,NA,NA,NA,NA,NA,NA,NA,NA,
2018010097,PR,22,20,Edmonton Oilers,Calgary Flames,22,2018-09-29,4,3,21,42,14,11,8,13,14,6,2.0,1.0,3.0,7.0,17,23,46.4,53.6,1,3,5,19,2,0,8,13,1,0,8,10,NA,NA,NA,NA,NA,NA,NA,NA,NA,
2018010098,PR,6,4,Boston Bruins,Philadelphia Flyers,4,2018-09-29,1,4,27,24,9,7,8,10,4,12,1.0,0.0,6.0,2.0,28,24,51.0,49.0,0,1,6,7,0,0,14,3,1,3,7,14,NA,NA,NA,NA,NA,NA,NA,NA,NA,
2018010099,PR,17,10,Detroit Red Wings,Toronto Maple Leafs,17,2018-09-29,5,1,37,26,3,11,6,5,19,13,3.0,0.0,3.0,6.0,21,17,41.8,58.2,2,0,12,9,2,1,13,9,1,0,12,8,NA,NA,NA,NA,NA,NA,NA,NA,NA,
2018010100,PR,13,14,Florida Panthers,Tampa Bay Lightning,14,2018-09-29,2,3,33,26,8,6,7,6,2,4,1.0,0.0,2.0,1.0,10,13,56.7,43.3,1,1,11,7,1,0,10,12,0,2,12,7,NA,NA,NA,NA,NA,NA,NA,NA,NA,
2018010101,PR,9,8,Ottawa Senators,Montréal Canadiens,9,2018-09-29,3,0,31,19,11,11,8,7,7,11,1.0,0.0,3.0,1.0,25,35,51.8,48.2,1,0,7,7,2,0,14,9,0,0,10,3,NA,NA,NA,NA,NA,NA,NA,NA,NA,
2018010102,PR,16,29,Chicago Blackhawks,Columbus Blue Jackets,16,2018-09-29,4,1,36,17,6,4,9,4,6,10,1.0,1.0,3.0,1.0,23,24,50.9,49.1,2,0,12,4,2,0,17,5,0,1,7,8,NA,NA,NA,NA,NA,NA,NA,NA,NA,
2018010103,PR,23,53,Vancouver Canucks,Arizona Coyotes,53,2018-09-29,1,4,20,27,0,0,0,0,10,4,0.0,1.0,2.0,5.0,0,0,0.0,0.0,0,2,6,7,0,1,9,8,1,1,5,12,NA,NA,NA,NA,NA,NA,NA,NA,NA,
2018010104,PR,26,24,Los Angeles Kings,Anaheim Ducks,24,2018-09-29,0,3,32,37,11,7,1,4,14,12,0.0,0.0,5.0,6.0,27,17,57.4,42.6,0,2,6,18,0,1,18,7,0,0,8,12,NA,NA,NA,NA,NA,NA,NA,NA,NA,
2018010105,PR,12,18,Carolina Hurricanes,Nashville Predators,18,2018-09-30,4,5,32,32,17,13,9,7,18,14,1.0,2.0,6.0,8.0,24,23,59.3,40.7,2,2,9,15,0,1,9,9,2,1,14,7,1,1,NA,NA,NA,NA,NA,NA,NA,0,
2018010106,PR,15,19,Washington Capitals,St. Louis Blues,15,2018-09-30,5,2,26,23,7,11,8,3,16,14,0.0,0.0,6.0,4.0,14,8,61.5,38.5,0,0,6,6,1,1,11,14,4,1,9,3,NA,NA,NA,NA,NA,NA,NA,NA,NA,
2018010107,PR,25,21,Dallas Stars,Colorado Avalanche,21,2018-09-30,5,6,37,27,14,8,6,5,27,11,1.0,2.0,3.0,6.0,21,5,62.5,37.5,2,3,9,13,1,2,10,6,2,1,18,8,NA,NA,NA,NA,NA,NA,NA,NA,NA,
2018010108,PR,54,28,Vegas Golden Knights,San Jose Sharks,54,2018-09-30,5,2,27,35,8,12,21,11,16,10,1.0,2.0,4.0,6.0,20,26,55.1,44.9,1,0,8,10,3,1,14,11,1,1,5,14,NA,NA,NA,NA,NA,NA,NA,NA,NA,
2018010110,PR,7202,22,Koln Haie,Edmonton Oilers,22,2018-10-03,3,4,0,0,0,0,0,0,0,0,0.0,0.0,0.0,0.0,0,0,0.0,0.0,0,1,0,0,1,1,0,0,2,1,0,0,0,1,NA,NA,NA,NA,NA,NA,NA,0,
2018020001,R,10,8,Toronto Maple Leafs,Montréal Canadiens,10,2018-10-03,3,2,26,36,21,10,5,5,8,6,1.0,1.0,3.0,4.0,18,34,58.7,41.3,1,1,9,9,1,1,9,12,0,0,7,15,0,0,NA,NA,Frederik Andersen,Carey Price,Auston Matthews,Frederik Andersen,John Tavares,1,
2018020002,R,15,6,Washington Capitals,Boston Bruins,15,2018-10-03,7,0,37,25,10,3,13,5,14,32,4.0,0.0,6.0,2.0,16,28,31.7,68.3,2,0,13,9,4,0,12,6,1,0,12,10,NA,NA,NA,NA,Braden Holtby,Tuukka Rask,Evgeny Kuznetsov,Nicklas Backstrom,Braden Holtby,
2018020003,R,23,20,Vancouver Canucks,Calgary Flames,23,2018-10-03,5,2,23,35,9,6,7,1,19,7,0.0,0.0,1.0,7.0,16,17,42.4,57.6,1,0,10,9,0,0,5,9,4,2,8,17,NA,NA,NA,NA,Jacob Markstrom,Mike Smith,Elias Pettersson,Jacob Markstrom,Christopher Tanev,
2018020004,R,28,24,San Jose Sharks,Anaheim Ducks,24,2018-10-03,2,5,33,15,8,6,10,9,6,6,0.0,2.0,3.0,3.0,21,25,51.7,48.3,1,1,11,5,1,1,15,4,0,3,7,6,NA,NA,NA,NA,John Gibson,Martin Jones,John Gibson,Rickard Rakell,Jakob Silfverberg,
2018020005,R,7,6,Buffalo Sabres,Boston Bruins,6,2018-10-04,0,4,32,26,19,6,1,1,4,6,0.0,1.0,2.0,1.0,25,13,56.7,43.3,0,2,6,11,0,1,11,10,0,1,15,5,NA,NA,NA,NA,Jaroslav Halak,Carter Hutton,Jaroslav Halak,Brad Marchand,David Pastrnak,
2018020007,R,5,15,Pittsburgh Penguins,Washington Capitals,5,2018-10-04,7,6,41,36,16,6,6,5,4,12,2.0,0.0,6.0,2.0,21,32,52.9,47.1,2,3,5,10,3,1,23,16,1,2,11,10,0,0,NA,NA,Matt Murray,Braden Holtby,Kris Letang,Jake Guentzel,T.J. Oshie,2,
2018020008,R,12,2,Carolina Hurricanes,New York Islanders,2,2018-10-04,1,2,46,20,14,3,13,15,6,6,0.0,1.0,3.0,3.0,29,32,60.0,40.0,0,0,16,7,0,1,15,7,1,0,15,4,2,1,NA,NA,Thomas Greiss,Petr Mrazek,Josh Bailey,Jordan Staal,Dougie Hamilton,0,
2018020006,R,3,18,New York Rangers,Nashville Predators,18,2018-10-04,2,3,36,33,10,9,10,16,6,6,0.0,0.0,1.0,1.0,24,21,47.5,52.5,0,0,7,9,1,1,17,15,1,2,12,9,NA,NA,NA,NA,Pekka Rinne,Henrik Lundqvist,Colton Sissons,Henrik Lundqvist,Pekka Rinne,
2018020009,R,9,16,Ottawa Senators,Chicago Blackhawks,16,2018-10-04,3,4,25,43,13,17,9,3,6,6,1.0,0.0,3.0,3.0,22,17,52.6,47.4,3,2,10,18,0,0,10,8,0,1,5,15,2,1,NA,NA,Cam Ward,Craig Anderson,Maxime Lajoie,Jonathan Toews,Craig Anderson,0,
2018020010,R,17,29,Detroit Red Wings,Columbus Blue Jackets,29,2018-10-04,2,3,20,39,16,5,5,4,12,6,1.0,1.0,3.0,6.0,20,13,43.0,57.0,0,1,5,11,2,1,9,11,0,0,3,16,1,1,NA,NA,Joonas Korpisalo,Jimmy Howard,Artemi Panarin,Jimmy Howard,Dylan Larkin,3,
2018020011,R,19,52,St. Louis Blues,Winnipeg Jets,52,2018-10-04,1,5,42,25,5,4,7,10,4,8,0.0,1.0,4.0,2.0,18,20,58.2,41.8,0,1,10,10,0,0,12,7,1,4,20,8,NA,NA,NA,NA,Connor Hellebuyck,Jake Allen,Connor Hellebuyck,Kyle Connor,Patrik Laine,
2018020012,R,25,53,Dallas Stars,Arizona Coyotes,25,2018-10-04,3,0,25,30,13,10,5,7,8,8,0.0,0.0,2.0,2.0,31,24,52.3,47.7,0,0,10,8,3,0,10,12,0,0,5,10,NA,NA,NA,NA,Ben Bishop,Antti Raanta,Ben Bishop,Connor Carrick,John Klingberg,
2018020013,R,21,30,Colorado Avalanche,Minnesota Wild,21,2018-10-04,4,1,40,21,5,2,5,2,10,10,1.0,0.0,3.0,3.0,20,26,44.1,55.9,1,1,14,5,1,0,18,8,2,0,8,8,NA,NA,NA,NA,Semyon Varlamov,Devan Dubnyk,Nathan MacKinnon,Carl Soderberg,Devan Dubnyk,
2018020014,R,54,4,Vegas Golden Knights,Philadelphia Flyers,4,2018-10-04,2,5,25,25,10,6,12,5,10,8,0.0,1.0,3.0,4.0,31,41,48.2,51.8,1,2,8,9,0,3,9,9,1,0,8,7,NA,NA,NA,NA,Brian Elliott,Marc-Andre Fleury,Wayne Simmonds,Jonathan Marchessault,Brian Elliott,
2018020020,R,1,22,New Jersey Devils,Edmonton Oilers,1,2018-10-06,5,2,27,19,11,5,10,8,8,4,1.0,1.0,2.0,4.0,24,28,49.2,50.8,1,1,9,7,2,0,10,4,2,1,8,8,NA,NA,NA,NA,Keith Kinkaid,Cam Talbot,Travis Zajac,Kyle Palmieri,Connor McDavid,
2018020023,R,25,52,Dallas Stars,Winnipeg Jets,25,2018-10-06,5,1,35,33,12,9,6,2,13,17,3.0,0.0,5.0,3.0,22,25,62.3,37.7,2,0,16,9,1,1,15,9,2,0,4,15,NA,NA,NA,NA,Ben Bishop,Connor Hellebuyck,Jamie Benn,Tyler Seguin,Alexander Radulov,
2018020017,R,7,3,Buffalo Sabres,New York Rangers,7,2018-10-06,3,1,29,44,6,4,5,2,15,17,2.0,0.0,4.0,3.0,18,18,47.9,52.1,1,0,7,14,1,0,8,10,1,1,14,20,NA,NA,NA,NA,Carter Hutton,Henrik Lundqvist,Carter Hutton,Conor Sheary,Jack Eichel,
2018020018,R,10,9,Toronto Maple Leafs,Ottawa Senators,9,2018-10-06,3,5,37,24,8,14,16,7,4,4,1.0,0.0,2.0,2.0,30,26,50.7,49.3,0,1,12,6,3,2,12,10,0,2,13,8,NA,NA,NA,NA,Craig Anderson,Frederik Andersen,Thomas Chabot,Mitchell Marner,Craig Anderson,
2018020019,R,14,13,Tampa Bay Lightning,Florida Panthers,14,2018-10-06,1,1,29,43,11,5,5,8,10,6,0.0,0.0,3.0,5.0,37,22,47.4,52.6,0,1,4,16,0,0,14,8,1,0,8,15,4,0,NA,NA,Andrei Vasilevskiy,James Reimer,Andrei Vasilevskiy,Anthony Cirelli,Jacob MacDonald,3,
2018020021,R,2,18,New York Islanders,Nashville Predators,18,2018-10-06,3,4,29,23,14,6,6,2,4,10,1.0,0.0,4.0,1.0,18,28,55.4,44.6,1,2,7,12,2,2,15,6,0,0,7,5,NA,NA,NA,NA,Juuse Saros,Thomas Greiss,Viktor Arvidsson,Mathew Barzal,P.K. Subban,
2018020022,R,5,8,Pittsburgh Penguins,Montréal Canadiens,8,2018-10-06,1,5,22,29,6,2,12,9,6,6,0.0,0.0,3.0,3.0,24,32,60.3,39.7,0,2,7,9,1,2,12,6,0,1,3,14,NA,NA,NA,NA,Carey Price,Matt Murray,Paul Byron,Jeff Petry,Joel Armia,
2018020024,R,19,16,St. Louis Blues,Chicago Blackhawks,16,2018-10-06,4,5,30,30,4,3,4,5,8,12,2.0,0.0,6.0,4.0,26,15,55.9,44.1,2,1,9,8,0,2,8,11,2,1,13,9,2,1,NA,NA,Cam Ward,Jake Allen,Jonathan Toews,Patrick Kane,Vladimir Tarasenko,0,
2018020025,R,30,54,Minnesota Wild,Vegas Golden Knights,54,2018-10-06,1,1,30,42,7,7,9,2,11,9,0.0,0.0,2.0,3.0,18,19,50.0,50.0,1,0,5,9,0,0,8,16,0,1,14,13,4,0,NA,NA,Marc-Andre Fleury,Devan Dubnyk,Devan Dubnyk,Marc-Andre Fleury,Matt Dumba,3,
2018020027,R,53,24,Arizona Coyotes,Anaheim Ducks,24,2018-10-06,0,1,41,20,1,3,4,3,4,8,0.0,0.0,4.0,2.0,26,25,54.4,45.6,0,0,11,5,0,1,8,11,0,0,22,4,NA,NA,NA,NA,John Gibson,Antti Raanta,John Gibson,Antti Raanta,Max Comtois,
2018020026,R,21,4,Colorado Avalanche,Philadelphia Flyers,21,2018-10-06,5,2,35,37,6,3,9,2,10,12,1.0,0.0,4.0,3.0,14,17,49.2,50.8,2,1,14,12,1,1,14,13,2,0,7,12,NA,NA,NA,NA,Semyon Varlamov,Brian Elliott,Colin Wilson,J.T. Compher,Erik Johnson,
2018020028,R,20,23,Calgary Flames,Vancouver Canucks,20,2018-10-06,7,4,37,20,15,9,11,10,12,12,3.0,2.0,6.0,6.0,18,16,54.5,45.5,2,2,9,5,1,2,17,7,4,0,11,8,NA,NA,NA,NA,Mike Smith,Jacob Markstrom,Johnny Gaudreau,Elias Pettersson,Elias Lindholm,
2018020032,R,6,9,Boston Bruins,Ottawa Senators,6,2018-10-08,6,3,30,31,6,8,8,9,8,6,1.0,0.0,2.0,3.0,18,17,42.9,57.1,2,0,15,9,1,2,6,12,3,1,9,10,NA,NA,NA,NA,Tuukka Rask,Mike Condon,Patrice Bergeron,David Pastrnak,Ryan Dzingel,
2018020033,R,2,28,New York Islanders,San Jose Sharks,2,2018-10-08,4,0,30,35,11,7,12,7,8,8,1.0,0.0,4.0,4.0,21,9,38.6,61.4,0,0,13,11,1,0,12,8,3,0,5,16,NA,NA,NA,NA,Robin Lehner,Martin Jones,Robin Lehner,Anders Lee,Matt Martin,
2018020034,R,7,54,Buffalo Sabres,Vegas Golden Knights,7,2018-10-08,4,2,17,37,9,8,2,3,4,4,1.0,0.0,2.0,2.0,17,29,35.4,64.6,1,0,10,11,3,1,5,14,0,1,2,12,NA,NA,NA,NA,Carter Hutton,Marc-Andre Fleury,Jack Eichel,Carter Hutton,Jonathan Marchessault,
2018020035,R,24,17,Anaheim Ducks,Detroit Red Wings,24,2018-10-08,2,2,27,21,14,15,7,7,4,6,0.0,0.0,3.0,2.0,28,15,46.3,53.7,0,1,6,8,1,1,8,8,1,0,10,5,0,0,NA,NA,John Gibson,Jimmy Howard,Hampus Lindholm,Jakob Silfverberg,Jimmy Howard,3,
2018020036,R,4,28,Philadelphia Flyers,San Jose Sharks,28,2018-10-09,2,8,33,48,14,7,4,5,10,12,2.0,2.0,6.0,5.0,21,15,58.7,41.3,0,4,11,23,1,1,10,8,1,3,12,17,NA,NA,NA,NA,Aaron Dell,Brian Elliott,Joe Pavelski,Kevin Labanc,Evander Kane,
2018020037,R,12,23,Carolina Hurricanes,Vancouver Canucks,12,2018-10-09,5,3,33,25,12,8,12,7,10,6,0.0,2.0,2.0,4.0,33,23,45.7,54.3,3,1,10,9,1,2,13,11,1,0,10,5,NA,NA,NA,NA,Curtis McElhinney,Jacob Markstrom,Sebastian Aho,Jaccob Slavin,Warren Foegele,
2018020038,R,29,21,Columbus Blue Jackets,Colorado Avalanche,29,2018-10-09,5,2,35,27,5,6,8,3,8,12,1.0,1.0,6.0,4.0,10,7,53.0,47.0,2,0,17,9,0,2,8,9,3,0,10,9,NA,NA,NA,NA,Sergei Bobrovsky,Philipp Grubauer,Nick Foligno,Markus Nutivaara,Alexander Wennberg,
2018020039,R,18,20,Nashville Predators,Calgary Flames,20,2018-10-09,0,3,43,27,7,4,9,5,8,8,0.0,2.0,4.0,4.0,13,5,55.6,44.4,0,1,7,8,0,1,21,9,0,1,15,10,NA,NA,NA,NA,Mike Smith,Pekka Rinne,Mike Smith,Johnny Gaudreau,Sean Monahan,
2018020040,R,52,26,Winnipeg Jets,Los Angeles Kings,52,2018-10-09,2,1,39,17,11,11,3,5,4,6,1.0,0.0,3.0,2.0,18,22,63.8,36.2,1,1,14,4,1,0,19,5,0,0,6,8,NA,NA,NA,NA,Connor Hellebuyck,Jack Campbell,Jack Campbell,Mark Scheifele,Brandon Tanev,
2018020041,R,25,10,Dallas Stars,Toronto Maple Leafs,10,2018-10-09,4,7,34,30,17,10,5,11,6,2,1.0,2.0,1.0,3.0,23,12,52.5,47.5,1,2,10,12,2,3,15,8,1,2,9,10,NA,NA,NA,NA,Frederik Andersen,Ben Bishop,Mitchell Marner,Tyler Seguin,John Tavares,
2018020045,R,6,22,Boston Bruins,Edmonton Oilers,6,2018-10-11,4,1,32,26,10,11,21,12,11,15,2.0,0.0,4.0,2.0,21,27,62.3,37.7,3,1,15,11,0,0,7,6,1,0,10,9,NA,NA,NA,NA,Jaroslav Halak,Cam Talbot,David Pastrnak,Matt Grzelcyk,Jaroslav Halak,
2018020046,R,7,21,Buffalo Sabres,Colorado Avalanche,21,2018-10-11,1,6,31,30,7,6,1,2,8,14,0.0,2.0,7.0,4.0,15,20,57.1,42.9,0,3,11,11,1,1,12,8,0,2,8,11,NA,NA,NA,NA,Semyon Varlamov,Carter Hutton,Nathan MacKinnon,Colin Wilson,Carl Soderberg,
2018020047,R,13,29,Florida Panthers,Columbus Blue Jackets,29,2018-10-11,4,5,41,32,18,14,12,7,6,4,0.0,2.0,2.0,3.0,18,7,59.1,40.9,1,2,11,17,3,1,22,5,0,2,8,10,NA,NA,NA,NA,Joonas Korpisalo,James Reimer,Cam Atkinson,Evgenii Dadonov,Artemi Panarin,
2018020048,R,1,15,New Jersey Devils,Washington Capitals,1,2018-10-11,6,0,36,21,9,9,20,10,10,10,1.0,0.0,4.0,4.0,19,30,61.7,38.3,2,0,13,6,1,0,12,5,3,0,11,10,NA,NA,NA,NA,Keith Kinkaid,Pheonix Copley,Kyle Palmieri,Keith Kinkaid,Marcus Johansson,
2018020049,R,3,28,New York Rangers,San Jose Sharks,3,2018-10-11,3,2,27,43,15,12,8,6,8,6,0.0,0.0,2.0,3.0,25,14,47.1,52.9,1,1,6,17,0,1,9,16,1,0,11,10,0,0,NA,NA,Henrik Lundqvist,Aaron Dell,Henrik Lundqvist,Brett Howden,Marcus Sorensen,1,
2018020050,R,5,54,Pittsburgh Penguins,Vegas Golden Knights,5,2018-10-11,4,2,22,37,12,5,11,6,4,2,0.0,0.0,1.0,2.0,33,26,53.3,46.7,1,1,9,16,3,0,9,10,0,1,4,11,NA,NA,NA,NA,Casey DeSmith,Malcolm Subban,Phil Kessel,Evgeni Malkin,Casey DeSmith,
2018020051,R,8,26,Montréal Canadiens,Los Angeles Kings,26,2018-10-11,0,3,40,29,16,21,7,2,16,8,0.0,0.0,4.0,3.0,36,24,38.3,61.7,0,2,14,9,0,0,12,7,0,1,14,13,NA,NA,NA,NA,Jack Campbell,Carey Price,Jack Campbell,Jeff Carter,Noah Juulsen,
